-- MySQL dump 10.13  Distrib 8.0.28, for Win64 (x86_64)
--
-- Host: localhost    Database: newbee_mall_db
-- ------------------------------------------------------
-- Server version	8.0.28

/*!40101 SET @OLD_CHARACTER_SET_CLIENT=@@CHARACTER_SET_CLIENT */;
/*!40101 SET @OLD_CHARACTER_SET_RESULTS=@@CHARACTER_SET_RESULTS */;
/*!40101 SET @OLD_COLLATION_CONNECTION=@@COLLATION_CONNECTION */;
/*!50503 SET NAMES utf8 */;
/*!40103 SET @OLD_TIME_ZONE=@@TIME_ZONE */;
/*!40103 SET TIME_ZONE='+00:00' */;
/*!40014 SET @OLD_UNIQUE_CHECKS=@@UNIQUE_CHECKS, UNIQUE_CHECKS=0 */;
/*!40014 SET @OLD_FOREIGN_KEY_CHECKS=@@FOREIGN_KEY_CHECKS, FOREIGN_KEY_CHECKS=0 */;
/*!40101 SET @OLD_SQL_MODE=@@SQL_MODE, SQL_MODE='NO_AUTO_VALUE_ON_ZERO' */;
/*!40111 SET @OLD_SQL_NOTES=@@SQL_NOTES, SQL_NOTES=0 */;

--
-- Table structure for table `tb_newbee_mall_admin_user`
--

DROP TABLE IF EXISTS `tb_newbee_mall_admin_user`;
/*!40101 SET @saved_cs_client     = @@character_set_client */;
/*!50503 SET character_set_client = utf8mb4 */;
CREATE TABLE `tb_newbee_mall_admin_user` (
  `admin_user_id` int NOT NULL AUTO_INCREMENT COMMENT '管理员id',
  `login_user_name` varchar(50) CHARACTER SET utf8 COLLATE utf8_general_ci NOT NULL COMMENT '管理员登陆名称',
  `login_password` varchar(50) CHARACTER SET utf8 COLLATE utf8_general_ci NOT NULL COMMENT '管理员登陆密码',
  `nick_name` varchar(50) CHARACTER SET utf8 COLLATE utf8_general_ci NOT NULL COMMENT '管理员显示昵称',
  `locked` tinyint DEFAULT '0' COMMENT '是否锁定 0未锁定 1已锁定无法登陆',
  PRIMARY KEY (`admin_user_id`) USING BTREE
) ENGINE=InnoDB AUTO_INCREMENT=4 DEFAULT CHARSET=utf8mb3 ROW_FORMAT=DYNAMIC;
/*!40101 SET character_set_client = @saved_cs_client */;

--
-- Dumping data for table `tb_newbee_mall_admin_user`
--

LOCK TABLES `tb_newbee_mall_admin_user` WRITE;
/*!40000 ALTER TABLE `tb_newbee_mall_admin_user` DISABLE KEYS */;
INSERT INTO `tb_newbee_mall_admin_user` VALUES (1,'admin','e10adc3949ba59abbe56e057f20f883e','Ytq',0),(2,'newbee-admin1','e10adc3949ba59abbe56e057f20f883e','新蜂01',0),(3,'newbee-admin2','e10adc3949ba59abbe56e057f20f883e','新蜂02',0);
/*!40000 ALTER TABLE `tb_newbee_mall_admin_user` ENABLE KEYS */;
UNLOCK TABLES;

--
-- Table structure for table `tb_newbee_mall_carousel`
--

DROP TABLE IF EXISTS `tb_newbee_mall_carousel`;
/*!40101 SET @saved_cs_client     = @@character_set_client */;
/*!50503 SET character_set_client = utf8mb4 */;
CREATE TABLE `tb_newbee_mall_carousel` (
  `carousel_id` int NOT NULL AUTO_INCREMENT COMMENT '首页轮播图主键id',
  `carousel_url` varchar(100) CHARACTER SET utf8 COLLATE utf8_general_ci NOT NULL DEFAULT '' COMMENT '轮播图',
  `redirect_url` varchar(100) CHARACTER SET utf8 COLLATE utf8_general_ci NOT NULL DEFAULT '''##''' COMMENT '点击后的跳转地址(默认不跳转)',
  `carousel_rank` int NOT NULL DEFAULT '0' COMMENT '排序值(字段越大越靠前)',
  `is_deleted` tinyint NOT NULL DEFAULT '0' COMMENT '删除标识字段(0-未删除 1-已删除)',
  `create_time` datetime NOT NULL DEFAULT CURRENT_TIMESTAMP COMMENT '创建时间',
  `create_user` int NOT NULL DEFAULT '0' COMMENT '创建者id',
  `update_time` datetime NOT NULL DEFAULT CURRENT_TIMESTAMP COMMENT '修改时间',
  `update_user` int NOT NULL DEFAULT '0' COMMENT '修改者id',
  PRIMARY KEY (`carousel_id`) USING BTREE
) ENGINE=InnoDB AUTO_INCREMENT=10 DEFAULT CHARSET=utf8mb3 ROW_FORMAT=DYNAMIC;
/*!40101 SET character_set_client = @saved_cs_client */;

--
-- Dumping data for table `tb_newbee_mall_carousel`
--

LOCK TABLES `tb_newbee_mall_carousel` WRITE;
/*!40000 ALTER TABLE `tb_newbee_mall_carousel` DISABLE KEYS */;
INSERT INTO `tb_newbee_mall_carousel` VALUES (2,'http://localhost:28089/upload/20220319_12204212.png','##',13,0,'2019-11-29 00:00:00',0,'2022-03-19 12:20:47',0),(5,'http://localhost:28089/upload/20220319_12211332.png','##',0,0,'2019-11-29 00:00:00',0,'2022-03-19 12:21:15',0),(8,'http://localhost:28089/upload/20220319_12213931.png','##',0,0,'2022-03-19 12:21:41',0,'2022-03-19 12:21:41',0),(9,'http://localhost:28089/upload/20220319_1222108.png','##',0,0,'2022-03-19 12:22:12',0,'2022-03-19 12:22:12',0);
/*!40000 ALTER TABLE `tb_newbee_mall_carousel` ENABLE KEYS */;
UNLOCK TABLES;

--
-- Table structure for table `tb_newbee_mall_comment`
--

DROP TABLE IF EXISTS `tb_newbee_mall_comment`;
/*!40101 SET @saved_cs_client     = @@character_set_client */;
/*!50503 SET character_set_client = utf8mb4 */;
CREATE TABLE `tb_newbee_mall_comment` (
  `commentId` int NOT NULL AUTO_INCREMENT,
  `userId` mediumtext NOT NULL,
  `goodsId` mediumtext NOT NULL,
  `Context` text,
  `point` int NOT NULL,
  `createTime` datetime NOT NULL,
  PRIMARY KEY (`commentId`)
) ENGINE=InnoDB AUTO_INCREMENT=11 DEFAULT CHARSET=utf8mb3;
/*!40101 SET character_set_client = @saved_cs_client */;

--
-- Dumping data for table `tb_newbee_mall_comment`
--

LOCK TABLES `tb_newbee_mall_comment` WRITE;
/*!40000 ALTER TABLE `tb_newbee_mall_comment` DISABLE KEYS */;
INSERT INTO `tb_newbee_mall_comment` VALUES (7,'9','10927','fcgcbfv',4,'2022-04-04 19:45:22'),(8,'9','10929','hahah\n',4,'2022-04-04 19:59:21'),(9,'9','10929','peipei',4,'2022-04-04 19:59:31'),(10,'10','10929','来了奥',3,'2022-04-04 20:00:18');
/*!40000 ALTER TABLE `tb_newbee_mall_comment` ENABLE KEYS */;
UNLOCK TABLES;

--
-- Table structure for table `tb_newbee_mall_goods_category`
--

DROP TABLE IF EXISTS `tb_newbee_mall_goods_category`;
/*!40101 SET @saved_cs_client     = @@character_set_client */;
/*!50503 SET character_set_client = utf8mb4 */;
CREATE TABLE `tb_newbee_mall_goods_category` (
  `category_id` bigint NOT NULL AUTO_INCREMENT COMMENT '分类id',
  `category_level` tinyint NOT NULL DEFAULT '0' COMMENT '分类级别(1-一级分类 2-二级分类 3-三级分类)',
  `parent_id` bigint NOT NULL DEFAULT '0' COMMENT '父分类id',
  `category_name` varchar(50) CHARACTER SET utf8 COLLATE utf8_general_ci NOT NULL DEFAULT '' COMMENT '分类名称',
  `category_rank` int NOT NULL DEFAULT '0' COMMENT '排序值(字段越大越靠前)',
  `is_deleted` tinyint NOT NULL DEFAULT '0' COMMENT '删除标识字段(0-未删除 1-已删除)',
  `create_time` datetime NOT NULL DEFAULT CURRENT_TIMESTAMP COMMENT '创建时间',
  `create_user` int NOT NULL DEFAULT '0' COMMENT '创建者id',
  `update_time` datetime NOT NULL DEFAULT CURRENT_TIMESTAMP COMMENT '修改时间',
  `update_user` int DEFAULT '0' COMMENT '修改者id',
  PRIMARY KEY (`category_id`) USING BTREE
) ENGINE=InnoDB AUTO_INCREMENT=199 DEFAULT CHARSET=utf8mb3 ROW_FORMAT=DYNAMIC;
/*!40101 SET character_set_client = @saved_cs_client */;

--
-- Dumping data for table `tb_newbee_mall_goods_category`
--

LOCK TABLES `tb_newbee_mall_goods_category` WRITE;
/*!40000 ALTER TABLE `tb_newbee_mall_goods_category` DISABLE KEYS */;
INSERT INTO `tb_newbee_mall_goods_category` VALUES (15,1,0,'精选品牌',100,0,'2019-09-11 18:45:40',0,'2022-03-18 10:53:10',0),(16,1,0,'护肤',100,0,'2019-09-11 18:46:07',0,'2022-03-18 11:02:02',0),(17,2,15,'欧美品牌',10,0,'2019-09-11 18:46:32',0,'2022-03-18 10:54:22',0),(18,2,15,'日韩品牌',9,0,'2019-09-11 18:46:43',0,'2022-03-18 10:54:40',0),(19,2,15,'新锐品牌',8,0,'2019-09-11 18:46:52',0,'2022-03-18 10:54:50',0),(20,3,17,'兰蔻',0,0,'2019-09-11 18:47:38',0,'2022-03-18 10:55:38',0),(21,3,17,'倩碧',0,0,'2019-09-11 18:47:49',0,'2022-03-18 10:55:47',0),(22,3,17,'雅诗兰黛',0,0,'2019-09-11 18:47:58',0,'2022-03-18 10:55:57',0),(23,3,17,'碧欧泉',0,0,'2019-09-11 18:48:06',0,'2022-03-18 10:56:07',0),(24,3,17,'香奈儿',0,0,'2019-09-11 18:48:12',0,'2022-03-18 10:56:13',0),(25,3,17,'豆浆机',0,1,'2019-09-11 18:48:26',0,'2019-09-11 18:48:26',0),(26,3,17,'暖风机',0,1,'2019-09-11 18:48:40',0,'2019-09-11 18:48:40',0),(27,3,17,'加湿器',0,1,'2019-09-11 18:48:50',0,'2019-09-11 18:48:50',0),(28,3,17,'蓝牙音箱',0,1,'2019-09-11 18:48:57',0,'2019-09-11 18:48:57',0),(29,3,17,'烤箱',0,1,'2019-09-11 18:49:09',0,'2019-09-11 18:49:09',0),(30,3,17,'卷发器',0,1,'2019-09-11 18:49:19',0,'2019-09-11 18:49:19',0),(31,3,17,'空气净化器',0,1,'2019-09-11 18:49:30',0,'2019-09-11 18:49:30',0),(32,3,18,'兰芝',0,0,'2019-09-11 18:49:50',0,'2022-03-18 10:56:43',0),(33,3,18,'悦诗风吟',0,0,'2019-09-11 18:49:55',0,'2022-03-18 10:57:01',0),(34,3,18,'怡丽丝尔',0,0,'2019-09-11 18:50:08',0,'2022-03-18 10:57:09',0),(35,3,18,'安热沙',0,0,'2019-09-11 18:50:24',0,'2022-03-18 10:57:20',0),(36,3,18,'雪花秀',0,0,'2019-09-11 18:50:36',0,'2022-03-18 10:57:28',0),(37,3,18,'DHC',0,0,'2019-09-11 18:50:57',0,'2022-03-18 10:57:36',0),(38,3,18,'电玩动漫',0,1,'2019-09-11 18:52:15',0,'2019-09-11 18:52:15',0),(39,3,18,'单反相机',0,1,'2019-09-11 18:52:26',0,'2019-09-11 18:52:26',0),(40,3,18,'键盘鼠标',0,1,'2019-09-11 18:52:46',0,'2019-09-11 18:52:46',0),(41,3,18,'无人机',0,1,'2019-09-11 18:53:01',0,'2019-09-11 18:53:01',0),(42,3,18,'二手电脑',0,1,'2019-09-11 18:53:08',0,'2019-09-11 18:53:08',0),(43,3,18,'二手手机',0,1,'2019-09-11 18:53:14',0,'2019-09-11 18:53:14',0),(44,3,19,'PMPM',89,0,'2019-09-11 18:53:49',0,'2022-03-18 10:59:26',0),(45,3,19,'AOEO',99,0,'2019-09-11 18:53:59',0,'2022-03-18 10:58:07',0),(46,3,19,'博乐达',98,0,'2019-09-11 18:54:20',0,'2022-03-18 10:58:23',0),(47,3,19,'iPhone',88,1,'2019-09-11 18:54:49',0,'2019-09-18 13:40:32',0),(48,3,19,'华为 Mate 20',79,1,'2019-09-11 18:55:03',0,'2019-09-11 18:55:13',0),(49,3,19,'瑷尔博士',97,0,'2019-09-11 18:55:22',0,'2022-03-18 10:59:10',0),(50,3,19,'华为 P30 Pro',0,1,'2019-09-11 18:55:32',0,'2019-09-11 18:55:32',0),(51,3,19,'小米手机',0,1,'2019-09-11 18:55:52',0,'2019-09-11 18:55:52',0),(52,3,19,'红米',0,1,'2019-09-11 18:55:58',0,'2019-09-11 18:55:58',0),(53,3,19,'OPPO',0,1,'2019-09-11 18:56:06',0,'2019-09-11 18:56:06',0),(54,3,19,'一加',0,1,'2019-09-11 18:56:12',0,'2019-09-11 18:56:12',0),(55,3,19,'小米 MIX',0,1,'2019-09-11 18:56:37',0,'2019-09-11 18:56:37',0),(56,3,19,'Reno',0,1,'2019-09-11 18:56:49',0,'2019-09-11 18:56:49',0),(57,3,19,'vivo',0,1,'2019-09-11 18:57:01',0,'2019-09-11 18:57:01',0),(58,3,19,'手机以旧换新',0,1,'2019-09-11 18:57:09',0,'2019-09-11 18:57:09',0),(59,1,0,'香水',97,0,'2019-09-12 00:08:46',0,'2022-03-18 11:17:14',0),(60,1,0,'男士彩妆',96,0,'2019-09-12 00:09:00',0,'2022-03-18 11:21:18',0),(61,1,0,'彩妆',98,0,'2019-09-12 00:09:27',0,'2022-03-18 11:05:53',0),(62,1,0,'美妆 清洁 宠物',94,1,'2019-09-12 00:09:51',0,'2019-09-17 18:22:34',0),(63,1,0,'工具 装修 建材',93,1,'2019-09-12 00:10:07',0,'2019-09-12 00:10:07',0),(64,1,0,'珠宝 金饰 眼镜',92,1,'2019-09-12 00:10:35',0,'2019-09-12 00:16:30',0),(65,1,0,'玩具 孕产 用品',101,1,'2019-09-12 00:11:17',0,'2022-03-16 19:54:23',0),(66,1,0,'鞋靴 箱包 配件',0,1,'2019-09-12 00:11:30',0,'2022-03-16 19:54:45',0),(67,2,16,'护理套装',10,0,'2019-09-12 00:15:19',0,'2022-03-18 11:02:16',0),(68,2,16,'特殊护理',9,0,'2019-09-12 00:15:28',0,'2022-03-18 11:02:24',0),(69,2,16,'身体护理',8,0,'2019-09-12 00:15:35',0,'2022-03-18 11:02:33',0),(70,2,61,'底妆',10,0,'2019-09-12 00:20:22',0,'2022-03-18 11:06:03',0),(71,2,61,'眉眼',9,0,'2019-09-12 00:20:29',0,'2022-03-18 11:06:13',0),(72,2,61,'腮红',8,0,'2019-09-12 00:20:35',0,'2022-03-18 11:06:20',0),(73,2,59,'女士香水',10,0,'2019-09-12 00:20:49',0,'2022-03-18 11:17:36',0),(74,2,59,'中性香水',9,0,'2019-09-12 00:20:58',0,'2022-03-18 11:17:47',0),(75,2,59,'男士香水',8,0,'2019-09-12 00:21:05',0,'2022-03-18 11:17:55',0),(76,3,67,'护肤套装',10,0,'2019-09-12 00:21:55',0,'2022-03-18 11:02:55',0),(77,3,70,'BBCC霜',10,0,'2019-09-12 00:22:21',0,'2022-03-18 11:07:08',0),(78,3,73,'弄香水EDT',10,0,'2019-09-12 00:22:42',0,'2022-03-18 11:18:30',0),(79,2,60,'护肤',10,0,'2019-09-12 00:23:13',0,'2022-03-18 11:21:28',0),(80,2,60,'男士彩妆',9,0,'2019-09-12 00:23:21',0,'2022-03-18 11:21:44',0),(81,2,60,'影视',8,1,'2019-09-12 00:23:27',0,'2019-09-12 00:23:27',0),(82,3,79,'洁面',10,0,'2019-09-12 00:23:44',0,'2022-03-18 11:21:59',0),(83,2,62,'美妆',10,0,'2019-09-12 00:23:58',0,'2019-09-17 18:22:44',0),(84,2,62,'宠物',9,0,'2019-09-12 00:24:07',0,'2019-09-12 00:24:07',0),(85,2,62,'清洁',8,0,'2019-09-12 00:24:15',0,'2019-09-17 18:22:51',0),(86,3,83,'口红',10,0,'2019-09-12 00:24:38',0,'2019-09-17 18:23:08',0),(87,2,63,'工具',10,0,'2019-09-12 00:24:56',0,'2019-09-12 00:24:56',0),(88,2,63,'装修',9,0,'2019-09-12 00:25:05',0,'2019-09-12 00:25:05',0),(89,2,63,'建材',8,0,'2019-09-12 00:25:12',0,'2019-09-12 00:25:12',0),(90,3,87,'转换器',10,0,'2019-09-12 00:25:45',0,'2019-09-12 00:25:45',0),(91,2,64,'珠宝',10,0,'2019-09-12 00:26:10',0,'2019-09-12 00:26:10',0),(92,2,64,'金饰',9,0,'2019-09-12 00:26:18',0,'2019-09-12 00:26:18',0),(93,2,64,'眼镜',8,0,'2019-09-12 00:26:25',0,'2019-09-12 00:26:25',0),(94,3,91,'钻石',10,0,'2019-09-12 00:26:40',0,'2019-09-12 00:26:40',0),(95,2,66,'鞋靴',10,0,'2019-09-12 00:27:09',0,'2019-09-12 00:27:09',0),(96,2,66,'箱包',9,0,'2019-09-12 00:27:17',0,'2019-09-12 00:27:17',0),(97,2,66,'配件',8,0,'2019-09-12 00:27:23',0,'2019-09-12 00:27:23',0),(98,3,95,'休闲鞋',10,0,'2019-09-12 00:27:48',0,'2019-09-12 00:27:48',0),(99,3,83,'气垫',0,0,'2019-09-17 18:24:23',0,'2019-09-17 18:24:23',0),(100,3,83,'美白',0,0,'2019-09-17 18:24:36',0,'2019-09-17 18:24:36',0),(101,3,83,'隔离霜',0,0,'2019-09-17 18:27:04',0,'2019-09-17 18:27:04',0),(102,3,83,'粉底',0,0,'2019-09-17 18:27:19',0,'2019-09-17 18:27:19',0),(103,3,83,'腮红',0,0,'2019-09-17 18:27:24',0,'2019-09-17 18:27:24',0),(104,3,83,'睫毛膏',0,0,'2019-09-17 18:27:47',0,'2019-09-17 18:27:47',0),(105,3,83,'香水',0,0,'2019-09-17 18:28:16',0,'2019-09-17 18:28:16',0),(106,3,83,'面膜',0,0,'2019-09-17 18:28:21',0,'2019-09-17 18:28:21',0),(107,1,0,'玩具 母婴',0,1,'2022-03-16 19:56:51',0,'2022-03-16 19:56:51',0),(108,1,0,'工具装修建材',95,1,'2022-03-16 19:57:20',0,'2022-03-16 19:57:36',0),(109,1,0,'工具 装修 建材',95,1,'2022-03-16 19:57:55',0,'2022-03-16 19:57:55',0),(110,1,0,'工具 装修 建材',88,1,'2022-03-16 19:59:39',0,'2022-03-16 19:59:39',0),(111,2,110,'母婴',0,0,'2022-03-16 20:13:44',0,'2022-03-16 20:13:44',0),(112,3,111,'奶粉',0,0,'2022-03-16 20:14:02',0,'2022-03-16 20:14:02',0),(113,2,15,'国货品牌',0,0,'2022-03-18 10:55:01',0,'2022-03-18 10:55:01',0),(114,3,113,'珀莱雅',0,0,'2022-03-18 11:00:06',0,'2022-03-18 11:00:06',0),(115,3,113,'自然堂',0,0,'2022-03-18 11:00:13',0,'2022-03-18 11:00:13',0),(116,3,113,'一叶子',0,0,'2022-03-18 11:00:19',0,'2022-03-18 11:00:19',0),(117,3,113,'百雀羚',0,0,'2022-03-18 11:00:25',0,'2022-03-18 11:00:25',0),(118,3,113,'高姿',0,0,'2022-03-18 11:00:34',0,'2022-03-18 11:00:34',0),(119,3,113,'丸美',0,0,'2022-03-18 11:00:40',0,'2022-03-18 11:00:40',0),(120,3,113,'HFP',0,0,'2022-03-18 11:00:47',0,'2022-03-18 11:00:47',0),(121,3,113,'御泥坊',0,0,'2022-03-18 11:00:55',0,'2022-03-18 11:00:55',0),(122,3,113,'韩束',0,0,'2022-03-18 11:01:01',0,'2022-03-18 11:01:01',0),(123,3,113,'欧诗漫',0,0,'2022-03-18 11:01:07',0,'2022-03-18 11:01:07',0),(124,2,16,'面部护理',0,0,'2022-03-18 11:02:40',0,'2022-03-18 11:02:40',0),(125,3,67,'身体套装',0,0,'2022-03-18 11:03:03',0,'2022-03-18 11:03:03',0),(126,3,67,'眼部套装',0,0,'2022-03-18 11:03:13',0,'2022-03-18 11:03:13',0),(127,3,68,'防晒乳液',0,0,'2022-03-18 11:03:31',0,'2022-03-18 11:03:31',0),(128,3,68,'T区护理',0,0,'2022-03-18 11:03:45',0,'2022-03-18 11:03:45',0),(129,3,68,'狐臭',0,0,'2022-03-18 11:03:51',0,'2022-03-18 11:03:51',0),(130,3,68,'磨砂去角质',0,0,'2022-03-18 11:04:15',0,'2022-03-18 11:04:15',0),(131,3,68,'精油',0,0,'2022-03-18 11:04:22',0,'2022-03-18 11:04:22',0),(132,3,68,'手工皂',0,0,'2022-03-18 11:04:28',0,'2022-03-18 11:04:28',0),(133,3,68,'晒后修复',0,0,'2022-03-18 11:04:36',0,'2022-03-18 11:04:36',0),(134,3,68,'防晒喷雾',0,0,'2022-03-18 11:04:52',0,'2022-03-18 11:04:52',0),(135,2,61,'美甲',0,0,'2022-03-18 11:06:25',0,'2022-03-18 11:06:25',0),(136,2,61,'美容仪',0,0,'2022-03-18 11:06:33',0,'2022-03-18 11:06:33',0),(137,2,61,'美容工具',0,0,'2022-03-18 11:06:41',0,'2022-03-18 11:06:41',0),(138,3,70,'粉饼',0,0,'2022-03-18 11:07:18',0,'2022-03-18 11:07:18',0),(139,3,70,'粉底液',0,0,'2022-03-18 11:07:24',0,'2022-03-18 11:07:24',0),(140,3,70,'遮瑕膏',0,0,'2022-03-18 11:07:31',0,'2022-03-18 11:07:31',0),(141,3,70,'修容高光',0,0,'2022-03-18 11:07:45',0,'2022-03-18 11:08:12',0),(142,3,71,'眼线',0,0,'2022-03-18 11:08:31',0,'2022-03-18 11:08:31',0),(143,3,71,'眉笔',0,0,'2022-03-18 11:08:37',0,'2022-03-18 11:08:37',0),(144,3,71,'眼影',0,0,'2022-03-18 11:09:18',0,'2022-03-18 11:09:18',0),(145,3,71,'睫毛霜',0,0,'2022-03-18 11:09:38',0,'2022-03-18 11:09:38',0),(146,3,72,'多色腮红',0,0,'2022-03-18 11:09:54',0,'2022-03-18 11:09:54',0),(147,3,72,'单色腮红',0,0,'2022-03-18 11:10:01',0,'2022-03-18 11:10:01',0),(148,3,135,'套装',0,0,'2022-03-18 11:10:12',0,'2022-03-18 11:10:12',0),(149,3,135,'甲油胶',0,0,'2022-03-18 11:10:18',0,'2022-03-18 11:10:18',0),(150,3,136,'美容仪',0,0,'2022-03-18 11:10:32',0,'2022-03-18 11:10:32',0),(151,3,136,'蒸面仪',0,0,'2022-03-18 11:10:42',0,'2022-03-18 11:10:42',0),(152,3,136,'脱毛仪',0,0,'2022-03-18 11:10:48',0,'2022-03-18 11:10:48',0),(153,3,137,'化妆棉',0,0,'2022-03-18 11:10:59',0,'2022-03-18 11:10:59',0),(154,3,137,'修眉工具',0,0,'2022-03-18 11:11:14',0,'2022-03-18 11:11:14',0),(155,3,137,'美睫工具',0,0,'2022-03-18 11:11:25',0,'2022-03-18 11:11:25',0),(156,3,137,'化妆刷',0,0,'2022-03-18 11:11:33',0,'2022-03-18 11:11:33',0),(157,3,137,'美甲工具',0,0,'2022-03-18 11:11:43',0,'2022-03-18 11:11:43',0),(158,3,137,'双眼皮贴',0,0,'2022-03-18 11:11:50',0,'2022-03-18 11:11:50',0),(159,3,69,'护手霜',0,0,'2022-03-18 11:13:28',0,'2022-03-18 11:13:28',0),(160,3,69,'脱毛膏',0,0,'2022-03-18 11:13:34',0,'2022-03-18 11:13:34',0),(161,3,69,'润肤乳',0,0,'2022-03-18 11:13:43',0,'2022-03-18 11:13:43',0),(162,3,69,'纤体美体',0,0,'2022-03-18 11:13:52',0,'2022-03-18 11:13:52',0),(163,3,69,'美胸',0,0,'2022-03-18 11:13:58',0,'2022-03-18 11:13:58',0),(164,3,69,'足部护理',0,0,'2022-03-18 11:14:05',0,'2022-03-18 11:14:05',0),(165,3,69,'止汗香体',0,0,'2022-03-18 11:14:12',0,'2022-03-18 11:14:12',0),(166,3,69,'颈部',0,0,'2022-03-18 11:14:18',0,'2022-03-18 11:14:18',0),(167,3,69,'私密护理',0,0,'2022-03-18 11:14:23',0,'2022-03-18 11:14:23',0),(168,3,124,'洗面奶',0,0,'2022-03-18 11:14:35',0,'2022-03-18 11:14:35',0),(169,3,124,'柔肤水',0,0,'2022-03-18 11:14:41',0,'2022-03-18 11:14:41',0),(170,3,124,'紧肤水',0,0,'2022-03-18 11:14:48',0,'2022-03-18 11:14:48',0),(171,3,124,'精华液',0,0,'2022-03-18 11:14:53',0,'2022-03-18 11:14:53',0),(172,3,124,'肌底液',0,0,'2022-03-18 11:14:58',0,'2022-03-18 11:14:58',0),(173,3,124,'眼部啫喱',0,0,'2022-03-18 11:15:11',0,'2022-03-18 11:15:11',0),(174,3,124,'乳液',0,0,'2022-03-18 11:15:16',0,'2022-03-18 11:15:16',0),(175,3,124,'日霜',0,0,'2022-03-18 11:15:22',0,'2022-03-18 11:15:22',0),(176,3,124,'晚霜',0,0,'2022-03-18 11:15:29',0,'2022-03-18 11:15:29',0),(177,3,124,'喷雾',0,0,'2022-03-18 11:15:34',0,'2022-03-18 11:15:34',0),(178,3,124,'免洗面膜',0,0,'2022-03-18 11:15:46',0,'2022-03-18 11:15:46',0),(179,3,124,'撕拉面膜',0,0,'2022-03-18 11:16:00',0,'2022-03-18 11:16:00',0),(180,3,124,'水洗面膜',0,0,'2022-03-18 11:16:07',0,'2022-03-18 11:16:07',0),(181,3,124,'眼膜',0,0,'2022-03-18 11:16:13',0,'2022-03-18 11:16:13',0),(182,3,73,'香水EDP',0,0,'2022-03-18 11:18:49',0,'2022-03-18 11:18:49',0),(183,3,73,'香精',0,0,'2022-03-18 11:18:55',0,'2022-03-18 11:18:55',0),(184,3,73,'身体乳',0,0,'2022-03-18 11:19:02',0,'2022-03-18 11:19:02',0),(185,3,73,'淡香氛',0,0,'2022-03-18 11:19:12',0,'2022-03-18 11:19:12',0),(186,3,74,'淡香水EDT',0,0,'2022-03-18 11:19:41',0,'2022-03-18 11:19:41',0),(187,3,74,'古龙香水',0,0,'2022-03-18 11:20:13',0,'2022-03-18 11:20:13',0),(188,3,74,'固体香水',0,0,'2022-03-18 11:20:24',0,'2022-03-18 11:20:24',0),(189,3,75,'香体乳',0,0,'2022-03-18 11:20:42',0,'2022-03-18 11:20:42',0),(190,3,79,'男士面膜',0,0,'2022-03-18 11:22:12',0,'2022-03-18 11:22:12',0),(191,3,79,'乳液面霜',0,0,'2022-03-18 11:22:20',0,'2022-03-18 11:22:20',0),(192,3,79,'面部精华',0,0,'2022-03-18 11:22:27',0,'2022-03-18 11:22:27',0),(193,3,79,'眼部护理',0,0,'2022-03-18 11:22:33',0,'2022-03-18 11:22:33',0),(194,3,79,'防晒',0,0,'2022-03-18 11:22:38',0,'2022-03-18 11:22:38',0),(195,3,79,'鼻贴鼻膜',0,0,'2022-03-18 11:22:47',0,'2022-03-18 11:22:47',0),(196,3,79,'男士护肤',0,0,'2022-03-18 11:23:04',0,'2022-03-18 11:23:04',0),(197,3,80,'底妆',0,0,'2022-03-18 11:23:14',0,'2022-03-18 11:23:14',0),(198,3,80,'眉眼',0,0,'2022-03-18 11:23:21',0,'2022-03-18 11:23:21',0);
/*!40000 ALTER TABLE `tb_newbee_mall_goods_category` ENABLE KEYS */;
UNLOCK TABLES;

--
-- Table structure for table `tb_newbee_mall_goods_info`
--

DROP TABLE IF EXISTS `tb_newbee_mall_goods_info`;
/*!40101 SET @saved_cs_client     = @@character_set_client */;
/*!50503 SET character_set_client = utf8mb4 */;
CREATE TABLE `tb_newbee_mall_goods_info` (
  `goods_id` bigint unsigned NOT NULL AUTO_INCREMENT COMMENT '商品表主键id',
  `goods_name` varchar(200) CHARACTER SET utf8 COLLATE utf8_general_ci NOT NULL DEFAULT '' COMMENT '商品名',
  `goods_intro` varchar(200) CHARACTER SET utf8 COLLATE utf8_general_ci NOT NULL DEFAULT '' COMMENT '商品简介',
  `goods_category_id` bigint NOT NULL DEFAULT '0' COMMENT '关联分类id',
  `goods_cover_img` varchar(200) CHARACTER SET utf8 COLLATE utf8_general_ci NOT NULL DEFAULT '/admin/dist/img/no-img.png' COMMENT '商品主图',
  `goods_carousel` varchar(500) CHARACTER SET utf8 COLLATE utf8_general_ci NOT NULL DEFAULT '/admin/dist/img/no-img.png' COMMENT '商品轮播图',
  `goods_detail_content` text CHARACTER SET utf8 COLLATE utf8_general_ci NOT NULL COMMENT '商品详情',
  `original_price` int NOT NULL DEFAULT '1' COMMENT '商品价格',
  `selling_price` int NOT NULL DEFAULT '1' COMMENT '商品实际售价',
  `stock_num` int NOT NULL DEFAULT '0' COMMENT '商品库存数量',
  `tag` varchar(20) CHARACTER SET utf8 COLLATE utf8_general_ci NOT NULL DEFAULT '' COMMENT '商品标签',
  `goods_sell_status` tinyint NOT NULL DEFAULT '0' COMMENT '商品上架状态 0-下架 1-上架',
  `create_user` int NOT NULL DEFAULT '0' COMMENT '添加者主键id',
  `create_time` datetime NOT NULL DEFAULT CURRENT_TIMESTAMP COMMENT '商品添加时间',
  `update_user` int NOT NULL DEFAULT '0' COMMENT '修改者主键id',
  `update_time` datetime NOT NULL DEFAULT CURRENT_TIMESTAMP COMMENT '商品修改时间',
  PRIMARY KEY (`goods_id`) USING BTREE
) ENGINE=InnoDB AUTO_INCREMENT=10932 DEFAULT CHARSET=utf8mb3 ROW_FORMAT=DYNAMIC;
/*!40101 SET character_set_client = @saved_cs_client */;

--
-- Dumping data for table `tb_newbee_mall_goods_info`
--

LOCK TABLES `tb_newbee_mall_goods_info` WRITE;
/*!40000 ALTER TABLE `tb_newbee_mall_goods_info` DISABLE KEYS */;
INSERT INTO `tb_newbee_mall_goods_info` VALUES (10908,'兰蔻（LANCOME）粉水新清滢柔肤水400ml 护肤品礼盒化妆水爽肤水保湿补水','商品名称：兰蔻新清滢柔肤水 400ml商品编号：100011480214商品毛重：459.00g商品产地：法国货号：L5449201U功效：补水，保湿，柔肤类别：爽肤水适合肤质：任何肤质',20,'http://localhost:28089/upload/20220319_11135333.jpg','http://localhost:28089/upload/20220319_11135333.jpg','<p><img src=\"http://localhost:28089/upload/20220319_11135860.jpg\" style=\"max-width:100%;\" contenteditable=\"false\"/></p>',435,435,999,'实力补水 舒缓保湿',0,0,'2022-03-19 11:15:22',0,'2022-03-19 11:15:22'),(10909,'兰蔻（LANCOME）小黑瓶全新精华肌底液50ml 护肤品化妆品礼盒保湿补水修护限定版','主体 产品产地 欧美 保质期 3年 净含量（毫升/克） 50ml 是否特殊化妆品 非特殊化妆品 包装形式 有外盒；有密封 批准文号/备案编号 无 包装清单 兰蔻全新精华肌底液 50ml 限定款',20,'http://localhost:28089/upload/20220319_11175046.jpg','http://localhost:28089/upload/20220319_11175046.jpg','<p><img src=\"http://localhost:28089/upload/20220319_11175466.jpg\" style=\"max-width:100%;\" contenteditable=\"false\"/></p>',1080,1080,1000,'春日焕亮',0,0,'2022-03-19 11:17:56',0,'2022-03-19 11:17:56'),(10910,'【丝芙兰】兰蔻（LANCOME）肌底精华焕亮眼霜 化妆品护肤 淡化黑眼圈 淡化眼纹 15ml','商品名称：【丝芙兰】兰蔻（LANCOME）肌底精华焕亮眼霜 化妆品护肤 淡化黑眼圈 淡化眼纹 15ml 店铺： 丝芙兰官方旗舰店商品毛重：350.00g功效：滋润类别：眼霜适合肤质：任何肤质',20,'http://localhost:28089/upload/20220319_11191264.jpg','http://localhost:28089/upload/20220319_11191264.jpg','<p><img src=\"http://localhost:28089/upload/20220319_11192615.jpg\" style=\"max-width:100%;\" contenteditable=\"false\"/></p>',550,530,995,'淡化黑眼圈',0,0,'2022-03-19 11:20:03',0,'2022-03-19 11:20:03'),(10911,'兰蔻（LANCOME）全新菁纯丝绒雾面唇膏','小蛮腰唇膏 礼物 3.4g，196，朱砂橘',20,'http://localhost:28089/upload/20220319_11211896.jpg','http://localhost:28089/upload/20220319_11211896.jpg','<p><img src=\"http://localhost:28089/upload/20220319_11212768.jpg\" style=\"max-width:100%;\" contenteditable=\"false\"/><img src=\"http://localhost:28089/upload/20220319_11213144.jpg\" style=\"max-width:100%;\" contenteditable=\"false\"/><img src=\"http://localhost:28089/upload/20220319_11213585.jpg\" style=\"max-width:100%;\" contenteditable=\"false\"/><img src=\"http://localhost:28089/upload/20220319_11214466.jpg\" style=\"max-width:100%;\" contenteditable=\"false\"/><img src=\"http://localhost:28089/upload/20220319_11214815.jpg\" style=\"max-width:100%;\" contenteditable=\"false\"/></p>',300,300,1000,'显白不挑皮',0,0,'2022-03-19 11:21:50',0,'2022-03-19 11:21:50'),(10912,'兰蔻（LANCOME）睛采眼部精华液','（大眼精华） 20ml',20,'http://localhost:28089/upload/20220319_11232959.jpg','http://localhost:28089/upload/20220319_11232959.jpg','<p><img src=\"http://localhost:28089/upload/20220319_11233688.jpg\" style=\"max-width:100%;\" contenteditable=\"false\"/><img src=\"http://localhost:28089/upload/20220319_11234018.jpg\" style=\"max-width:100%;\" contenteditable=\"false\"/></p>',680,680,1000,'舒缓眼部，转走细纹',0,0,'2022-03-19 11:23:56',0,'2022-03-19 11:23:56'),(10913,'碧欧泉（BIOTHERM）女士屏障修护云朵霜 50 ML','（速修屏障 淡纹抗初 补水保湿熬夜 面霜 护肤品）',23,'http://localhost:28089/upload/20220319_1126516.jpg','http://localhost:28089/upload/20220319_1126516.jpg','<p><img src=\"http://localhost:28089/upload/20220319_11271941.jpg\" style=\"max-width:100%;\" contenteditable=\"false\"/></p>',480,480,1000,'爱在朝暮 也在日夜呵护',0,0,'2022-03-19 11:27:40',0,'2022-03-19 11:27:40'),(10914,'碧欧泉（BIOTHERM）女士护肤精粹液 75ml','限量款大红瓶 淡化细纹 精华',23,'http://localhost:28089/upload/20220319_11285122.jpg','http://localhost:28089/upload/20220319_11285122.jpg','<p><img src=\"http://localhost:28089/upload/20220319_11295552.jpg\" style=\"max-width:100%;\" contenteditable=\"false\"/></p>',1020,1020,1000,'焕启新颜',0,0,'2022-03-19 11:30:26',0,'2022-03-19 11:46:30'),(10915,'碧欧泉（BIOTHERM）女士新润漾洁面乳150ml','洗面奶女 护肤 补水保湿 深层清洁 收缩毛孔',23,'http://localhost:28089/upload/20220319_1131297.jpg','http://localhost:28089/upload/20220319_1131297.jpg','<p><img src=\"http://localhost:28089/upload/20220319_11320735.jpg\" style=\"max-width:100%;\" contenteditable=\"false\"/><img src=\"http://localhost:28089/upload/20220319_11321562.jpg\" style=\"max-width:100%;\" contenteditable=\"false\"/></p>',195,195,1000,'嫩出活力肌肤',0,0,'2022-03-19 11:32:16',0,'2022-03-19 11:32:16'),(10916,'碧欧泉（BIOTHERM）女士玻尿酸丰盈水分露50ml护肤品 绿活泉升级','活泉润透 保湿补水 面霜 护肤滋润)',23,'http://localhost:28089/upload/20220319_11332314.jpg','http://localhost:28089/upload/20220319_11332314.jpg','<p><img src=\"http://localhost:28089/upload/20220319_11334065.jpg\" style=\"max-width:100%;\" contenteditable=\"false\"/><img src=\"http://localhost:28089/upload/20220319_11334532.jpg\" style=\"max-width:100%;\" contenteditable=\"false\"/></p>',385,385,1000,'清新补水',0,0,'2022-03-19 11:33:46',0,'2022-03-19 11:33:46'),(10917,'碧欧泉（BIOTHERM）女士活泉新润漾柔肤水200ml','爽肤水 女士护肤 补水 舒缓保湿 收敛毛孔）',23,'http://localhost:28089/upload/20220319_11352790.jpg','http://localhost:28089/upload/20220319_11352790.jpg','<p><img src=\"http://localhost:28089/upload/20220319_11353355.jpg\" style=\"max-width:100%;\" contenteditable=\"false\"/><img src=\"http://localhost:28089/upload/20220319_11353917.jpg\" style=\"max-width:100%;\" contenteditable=\"false\"/></p>',195,195,1000,'告别干燥 肌肤柔润',0,0,'2022-03-19 11:35:40',0,'2022-03-19 11:35:40'),(10918,'倩碧紫胖子眼面卸妆膏125ml 眼面唇三合一温和卸妆','不闷痘不糊眼 深层清洁 护肤品礼物礼盒 高圆圆同款',21,'http://localhost:28089/upload/20220319_11373117.jpg','http://localhost:28089/upload/20220319_11373117.jpg','<p><img src=\"http://localhost:28089/upload/20220319_11374568.jpg\" style=\"max-width:100%;\" contenteditable=\"false\"/><img src=\"http://localhost:28089/upload/20220319_1137530.jpg\" style=\"max-width:100%;\" contenteditable=\"false\"/></p>',290,290,1000,'温和卸妆',0,0,'2022-03-19 11:37:55',0,'2022-03-19 11:37:55'),(10919,'倩碧男士净彻控油3步曲(洁面200ml+控油水200ml+72小时面霜50ml)',')补水保湿清洁 护肤品礼物礼盒',21,'http://localhost:28089/upload/20220319_1139045.jpg','http://localhost:28089/upload/20220319_1139045.jpg','<p><img src=\"http://localhost:28089/upload/20220319_11391942.jpg\" style=\"max-width:100%;\" contenteditable=\"false\"/><img src=\"http://localhost:28089/upload/20220319_1139297.jpg\" style=\"max-width:100%;\" contenteditable=\"false\"/></p>',805,805,999,'保湿净彻',0,0,'2022-03-19 11:39:31',0,'2022-03-19 11:46:57'),(10920,'倩碧混皮黄油125ml（无油黄油）清爽型乳液面霜','维稳修护皮脂膜 保湿 水油平衡 护肤品礼物礼盒 高圆圆同款',21,'http://localhost:28089/upload/20220319_11402911.jpg','http://localhost:28089/upload/20220319_11402911.jpg','<p><img src=\"http://localhost:28089/upload/20220319_1140446.jpg\" style=\"max-width:100%;\" contenteditable=\"false\"/><img src=\"http://localhost:28089/upload/20220319_1140526.jpg\" style=\"max-width:100%;\" contenteditable=\"false\"/></p>',298,298,1000,'清透凝乳 控油锁水',0,0,'2022-03-19 11:41:21',0,'2022-03-19 11:41:21'),(10921,'倩碧302美白粉底液 62#30ml（自然肤质）','持妆遮瑕淡痘印 油痘肌 养肤 防晒SPF20 化妆品礼物礼盒 高圆圆同款',21,'http://localhost:28089/upload/20220319_11424268.jpg','http://localhost:28089/upload/20220319_11424268.jpg','<p><img src=\"http://localhost:28089/upload/20220319_11425882.jpg\" style=\"max-width:100%;\" contenteditable=\"false\"/></p>',370,370,1000,'遮瑕持久',0,0,'2022-03-19 11:43:02',0,'2022-03-19 11:43:02'),(10922,'倩碧紫色ID活芯乳（平滑细纹浓缩精华液10ml+油皮黄油115ml）','修护乳液面霜 护肤品礼物礼盒 高圆圆同款',21,'http://localhost:28089/upload/20220319_11445923.jpg','http://localhost:28089/upload/20220319_11445923.jpg','<p><img src=\"http://localhost:28089/upload/20220319_11443956.jpg\" style=\"max-width:100%;\" contenteditable=\"false\"/><img src=\"http://localhost:28089/upload/20220319_11444426.jpg\" style=\"max-width:100%;\" contenteditable=\"false\"/></p>',405,405,1000,'定制活芯乳',0,0,'2022-03-19 11:45:02',0,'2022-03-19 11:45:02'),(10923,'雅诗兰黛白金级花菁萃紧颜眼霜15ml(滋润款)','护肤品套装化妆品礼物眼部精华淡化细纹黑眼圈',22,'http://localhost:28089/upload/20220319_11514017.jpg','http://localhost:28089/upload/20220319_11514017.jpg','<p><img src=\"http://localhost:28089/upload/20220319_11523734.jpg\" style=\"max-width:100%;\" contenteditable=\"false\"/><img src=\"http://localhost:28089/upload/20220319_11524390.jpg\" style=\"max-width:100%;\" contenteditable=\"false\"/></p>',980,980,996,'奢润眼周',0,0,'2022-03-19 11:52:44',0,'2022-03-19 11:52:44'),(10924,'雅诗兰黛保湿柔肤水爽肤水400ml','粉水补水保湿修护舒缓护肤品套装大容量囤货装化妆品礼盒',22,'http://localhost:28089/upload/20220319_11545461.jpg','http://localhost:28089/upload/20220319_11545461.jpg','<p><img src=\"http://localhost:28089/upload/20220319_11553378.jpg\" style=\"max-width:100%;\" contenteditable=\"false\"/><img src=\"http://localhost:28089/upload/20220319_11553974.jpg\" style=\"max-width:100%;\" contenteditable=\"false\"/></p>',400,400,1000,'真保湿不紧绷',0,0,'2022-03-19 11:55:40',0,'2022-03-19 11:55:40'),(10925,'雅诗兰黛DW持妆粉底液62#自然偏白(2C0)30ml','油皮亲妈轻薄不脱妆保湿遮瑕防汗化妆品套装',22,'http://localhost:28089/upload/20220319_11570711.jpg','http://localhost:28089/upload/20220319_11570711.jpg','<p><img src=\"http://localhost:28089/upload/20220319_11572198.jpg\" style=\"max-width:100%;\" contenteditable=\"false\"/><img src=\"http://localhost:28089/upload/20220319_11572731.gif\" style=\"max-width:100%;\" contenteditable=\"false\"/></p>',410,400,1000,'轻薄无瑕',0,0,'2022-03-19 11:57:29',0,'2022-03-19 11:57:29'),(10926,'雅诗兰黛倾慕哑光口红礼盒唇膏333#','干枫叶色保湿滋润温柔显白不挑皮不掉色化妆品套装礼盒',22,'http://localhost:28089/upload/20220319_11584093.jpg','http://localhost:28089/upload/20220319_11584093.jpg','<p><img src=\"http://localhost:28089/upload/20220319_11585539.jpg\" style=\"max-width:100%;\" contenteditable=\"false\"/></p>',290,290,999,'丝绒干枫高定优雅',0,0,'2022-03-19 11:58:58',0,'2022-03-19 11:58:58'),(10927,'【丝芙兰】雅诗兰黛（Estee Lauder）','持妆粉底液SPF10/PA++ CA号1N0（30ml）',22,'http://localhost:28089/upload/20220319_12002032.jpg','http://localhost:28089/upload/20220319_12002032.jpg','<p><img src=\"http://localhost:28089/upload/20220319_12003452.jpg\" style=\"max-width:100%;\" contenteditable=\"false\"/><img src=\"http://localhost:28089/upload/20220319_1200394.jpg\" style=\"max-width:100%;\" contenteditable=\"false\"/><img src=\"http://localhost:28089/upload/20220319_1200434.jpg\" style=\"max-width:100%;\" contenteditable=\"false\"/></p>',410,410,0,'轻薄透气',0,0,'2022-03-19 12:00:46',0,'2022-03-19 18:54:28'),(10928,'香奈儿（Chanel）五号香水50ml（经典）','（礼盒装）送女友 送老婆 礼物',24,'http://localhost:28089/upload/20220319_1202583.jpg','http://localhost:28089/upload/20220319_1202583.jpg','<p><img src=\"http://localhost:28089/upload/20220319_12031731.jpg\" style=\"max-width:100%;\" contenteditable=\"false\"/><img src=\"http://localhost:28089/upload/20220319_12032244.jpg\" style=\"max-width:100%;\" contenteditable=\"false\"/><img src=\"http://localhost:28089/upload/20220319_12032870.jpg\" style=\"max-width:100%;\" contenteditable=\"false\"/><img src=\"http://localhost:28089/upload/20220319_12033692.jpg\" style=\"max-width:100%;\" contenteditable=\"false\"/><img src=\"http://localhost:28089/upload/20220319_12034119.jpg\" style=\"max-width:100%;\" contenteditable=\"false\"/><img src=\"http://localhost:28089/upload/20220319_12034899.jpg\" style=\"max-width:100%;\" contenteditable=\"false\"/></p>',1100,1100,1000,'经典 独特',0,0,'2022-03-19 12:03:49',0,'2022-03-19 12:03:49'),(10929,'香奈儿（Chanel）蔚蓝男士淡香水50ml','（礼盒装）蔚蓝斩女香 送男友 送老公 礼物',24,'http://localhost:28089/upload/20220319_12050018.jpg','http://localhost:28089/upload/20220319_12050018.jpg','<p><img src=\"http://localhost:28089/upload/20220319_12051342.jpg\" style=\"max-width:100%;\" contenteditable=\"false\"/><img src=\"http://localhost:28089/upload/20220319_12051813.jpg\" style=\"max-width:100%;\" contenteditable=\"false\"/><img src=\"http://localhost:28089/upload/20220319_12052559.jpg\" style=\"max-width:100%;\" contenteditable=\"false\"/></p>',790,790,999,'蔚蓝斩女香',0,0,'2022-03-19 12:05:28',0,'2022-03-19 12:05:28'),(10930,'香奈儿（Chanel）光采防护隔离乳10号 30ml','（又名：珍珠光采妆前乳10号）送女友 送老婆',24,'http://localhost:28089/upload/20220319_12092269.jpg','http://localhost:28089/upload/20220319_12092269.jpg','<p><img src=\"http://localhost:28089/upload/20220319_12093842.jpg\" style=\"max-width:100%;\" contenteditable=\"false\"/></p>',590,590,1000,'舒适防晒',0,0,'2022-03-19 12:09:40',0,'2022-03-19 12:09:40'),(10931,'香奈儿 （Chanel） 四色眼影盘268#2g','（哑光大地色 持久）送女友 送老婆 礼物',24,'http://localhost:28089/upload/20220319_12113792.jpg','http://localhost:28089/upload/20220319_12113792.jpg','<p><img src=\"http://localhost:28089/upload/20220319_12110615.jpg\" style=\"max-width:100%;\" contenteditable=\"false\"/><img src=\"http://localhost:28089/upload/20220319_1211130.jpg\" style=\"max-width:100%;\" contenteditable=\"false\"/><img src=\"http://localhost:28089/upload/20220319_12112276.jpg\" style=\"max-width:100%;\" contenteditable=\"false\"/></p>',590,590,999,'实用便携 多重妆感',0,0,'2022-03-19 12:11:41',0,'2022-03-19 12:11:41');
/*!40000 ALTER TABLE `tb_newbee_mall_goods_info` ENABLE KEYS */;
UNLOCK TABLES;

--
-- Table structure for table `tb_newbee_mall_index_config`
--

DROP TABLE IF EXISTS `tb_newbee_mall_index_config`;
/*!40101 SET @saved_cs_client     = @@character_set_client */;
/*!50503 SET character_set_client = utf8mb4 */;
CREATE TABLE `tb_newbee_mall_index_config` (
  `config_id` bigint NOT NULL AUTO_INCREMENT COMMENT '首页配置项主键id',
  `config_name` varchar(50) CHARACTER SET utf8 COLLATE utf8_general_ci NOT NULL DEFAULT '' COMMENT '显示字符(配置搜索时不可为空，其他可为空)',
  `config_type` tinyint NOT NULL DEFAULT '0' COMMENT '1-搜索框热搜 2-搜索下拉框热搜 3-(首页)热销商品 4-(首页)新品上线 5-(首页)为你推荐',
  `goods_id` bigint NOT NULL DEFAULT '0' COMMENT '商品id 默认为0',
  `redirect_url` varchar(100) CHARACTER SET utf8 COLLATE utf8_general_ci NOT NULL DEFAULT '##' COMMENT '点击后的跳转地址(默认不跳转)',
  `config_rank` int NOT NULL DEFAULT '0' COMMENT '排序值(字段越大越靠前)',
  `is_deleted` tinyint NOT NULL DEFAULT '0' COMMENT '删除标识字段(0-未删除 1-已删除)',
  `create_time` datetime NOT NULL DEFAULT CURRENT_TIMESTAMP COMMENT '创建时间',
  `create_user` int NOT NULL DEFAULT '0' COMMENT '创建者id',
  `update_time` datetime NOT NULL DEFAULT CURRENT_TIMESTAMP COMMENT '最新修改时间',
  `update_user` int DEFAULT '0' COMMENT '修改者id',
  PRIMARY KEY (`config_id`) USING BTREE
) ENGINE=InnoDB AUTO_INCREMENT=46 DEFAULT CHARSET=utf8mb3 ROW_FORMAT=DYNAMIC;
/*!40101 SET character_set_client = @saved_cs_client */;

--
-- Dumping data for table `tb_newbee_mall_index_config`
--

LOCK TABLES `tb_newbee_mall_index_config` WRITE;
/*!40000 ALTER TABLE `tb_newbee_mall_index_config` DISABLE KEYS */;
INSERT INTO `tb_newbee_mall_index_config` VALUES (1,'热销商品 iPhone XR',3,10284,'##',10,1,'2019-09-18 17:04:56',0,'2022-03-19 12:12:45',0),(2,'热销商品 华为 Mate20',3,10779,'##',100,1,'2019-09-18 17:05:27',0,'2022-03-19 12:12:45',0),(3,'热销商品 荣耀8X',3,10907,'##',300,1,'2019-09-18 17:08:02',0,'2022-03-19 12:12:45',0),(4,'热销商品 Apple AirPods',3,10159,'##',101,1,'2019-09-18 17:08:56',0,'2022-03-19 12:12:45',0),(5,'新品上线 Macbook Pro',4,10269,'##',100,1,'2019-09-18 17:10:36',0,'2022-03-19 12:16:37',0),(6,'新品上线 荣耀 9X Pro',4,10755,'##',100,1,'2019-09-18 17:11:05',0,'2022-03-19 12:16:37',0),(7,'新品上线 iPhone 11',4,10283,'##',102,1,'2019-09-18 17:11:44',0,'2022-03-19 12:16:37',0),(8,'新品上线 iPhone 11 Pro',4,10320,'##',101,1,'2019-09-18 17:11:58',0,'2022-03-19 12:16:37',0),(9,'新品上线 华为无线耳机',4,10186,'##',199,1,'2019-09-18 17:12:29',0,'2022-03-19 12:16:37',0),(10,'纪梵希高定香榭天鹅绒唇膏',5,10233,'##',98,1,'2019-09-18 17:47:23',0,'2022-03-19 15:10:22',0),(11,'MAC 磨砂系列',5,10237,'##',100,1,'2019-09-18 17:47:44',0,'2022-03-19 15:10:17',0),(12,'索尼 WH-1000XM3',5,10907,'##',102,1,'2019-09-18 17:48:00',0,'2022-03-19 15:10:17',0),(13,'Apple AirPods',5,10180,'##',101,1,'2019-09-18 17:49:11',0,'2022-03-19 15:10:17',0),(14,'小米 Redmi AirDots',5,10160,'##',100,1,'2019-09-18 17:49:28',0,'2022-03-19 15:10:17',0),(15,'2019 MacBookAir 13',5,10254,'##',100,1,'2019-09-18 17:50:18',0,'2022-03-19 15:10:17',0),(16,'女式粗棉线条纹长袖T恤',5,10158,'##',99,1,'2019-09-18 17:52:03',0,'2022-03-19 15:10:17',0),(17,'塑料浴室座椅',5,10154,'##',100,1,'2019-09-18 17:52:19',0,'2022-03-19 15:10:17',0),(18,'靠垫',5,10147,'##',101,1,'2019-09-18 17:52:50',0,'2022-03-19 15:10:17',0),(19,'小型超声波香薰机',5,10113,'##',100,1,'2019-09-18 17:54:07',0,'2022-03-19 15:10:17',0),(20,'11',5,1,'##',0,1,'2019-09-19 08:31:11',0,'2019-09-19 08:31:20',0),(21,'热销商品 华为 P30',3,10742,'##',200,1,'2019-09-19 23:23:38',0,'2022-03-19 12:12:45',0),(22,'新品上线 华为Mate30 Pro',4,10893,'##',200,1,'2019-09-19 23:26:05',0,'2022-03-19 12:16:37',0),(23,'新品上线 华为 Mate 30',4,10895,'##',199,1,'2019-09-19 23:26:32',0,'2022-03-19 12:16:37',0),(24,'华为 Mate 30 Pro',5,10894,'##',101,1,'2019-09-19 23:27:00',0,'2022-03-19 15:10:17',0),(25,'iphone12',4,10906,'##',201,1,'2022-03-16 19:43:03',0,'2022-03-19 12:16:37',0),(26,'雅诗兰黛眼霜',3,10923,'##',0,0,'2022-03-19 12:13:22',0,'2022-03-19 12:13:22',0),(27,'丝芙兰粉底液',3,10927,'##',0,0,'2022-03-19 12:14:22',0,'2022-03-19 12:14:22',0),(28,'香奈儿男士香水',3,10929,'##',0,0,'2022-03-19 12:14:52',0,'2022-03-19 12:14:52',0),(29,'碧欧泉护肤品',3,10916,'##',0,0,'2022-03-19 12:15:18',0,'2022-03-19 12:15:18',0),(30,'倩碧卸妆',3,10918,'##',0,1,'2022-03-19 12:15:53',0,'2022-03-19 12:16:03',0),(31,'雅诗兰黛倾慕哑光口红礼盒唇',4,10926,'##',0,0,'2022-03-19 12:17:13',0,'2022-03-19 12:17:13',0),(32,'香奈儿 四色眼影盘',4,10931,'##',0,0,'2022-03-19 12:17:36',0,'2022-03-19 12:17:36',0),(33,'雅诗兰黛',4,10927,'##',0,0,'2022-03-19 12:18:14',0,'2022-03-19 12:18:14',0),(34,'香奈儿五号香水',4,10928,'##',0,0,'2022-03-19 12:19:11',0,'2022-03-19 12:19:11',0),(35,'碧欧泉女士新润漾洁面乳',4,10915,'##',0,0,'2022-03-19 12:19:41',0,'2022-03-19 12:19:41',0),(36,'眼影',5,10931,'##',0,0,'2022-03-19 15:11:18',0,'2022-03-19 15:11:18',0),(37,'香奈儿隔离',5,10930,'##',0,0,'2022-03-19 15:11:55',0,'2022-03-19 15:11:55',0),(38,'丝芙兰雅诗兰黛',5,10927,'##',0,0,'2022-03-19 15:12:16',0,'2022-03-19 15:12:16',0),(39,'雅诗兰黛宝石柔肤水',5,10924,'##',0,0,'2022-03-19 15:12:50',0,'2022-03-19 15:12:50',0),(40,'倩碧混皮黄油',5,10921,'##',0,0,'2022-03-19 15:13:14',0,'2022-03-19 15:13:14',0),(41,'欧碧泉新润洁面',5,10915,'##',0,0,'2022-03-19 15:13:43',0,'2022-03-19 15:13:43',0),(42,'兰蔻眼部精华',5,10912,'##',0,0,'2022-03-19 15:14:02',0,'2022-03-19 15:14:02',0),(43,'倩碧男士控油',5,10919,'##',0,0,'2022-03-19 15:14:32',0,'2022-03-19 15:14:32',0),(44,'倩碧紫色ID活芯茹',5,10922,'##',0,0,'2022-03-19 15:14:50',0,'2022-03-19 15:14:50',0),(45,'雅诗兰黛DW',5,10925,'##',0,0,'2022-03-19 15:15:14',0,'2022-03-19 15:15:14',0);
/*!40000 ALTER TABLE `tb_newbee_mall_index_config` ENABLE KEYS */;
UNLOCK TABLES;

--
-- Table structure for table `tb_newbee_mall_order`
--

DROP TABLE IF EXISTS `tb_newbee_mall_order`;
/*!40101 SET @saved_cs_client     = @@character_set_client */;
/*!50503 SET character_set_client = utf8mb4 */;
CREATE TABLE `tb_newbee_mall_order` (
  `order_id` bigint NOT NULL AUTO_INCREMENT COMMENT '订单表主键id',
  `order_no` varchar(20) CHARACTER SET utf8 COLLATE utf8_general_ci NOT NULL DEFAULT '' COMMENT '订单号',
  `user_id` bigint NOT NULL DEFAULT '0' COMMENT '用户主键id',
  `total_price` int NOT NULL DEFAULT '1' COMMENT '订单总价',
  `pay_status` tinyint NOT NULL DEFAULT '0' COMMENT '支付状态:0.未支付,1.支付成功,-1:支付失败',
  `pay_type` tinyint NOT NULL DEFAULT '0' COMMENT '0.无 1.支付宝支付 2.微信支付',
  `pay_time` datetime DEFAULT NULL COMMENT '支付时间',
  `order_status` tinyint NOT NULL DEFAULT '0' COMMENT '订单状态:0.待支付 1.已支付 2.配货完成 3:出库成功 4.交易成功 -1.手动关闭 -2.超时关闭 -3.商家关闭',
  `extra_info` varchar(100) CHARACTER SET utf8 COLLATE utf8_general_ci NOT NULL DEFAULT '' COMMENT '订单body',
  `user_name` varchar(30) CHARACTER SET utf8 COLLATE utf8_general_ci NOT NULL DEFAULT '' COMMENT '收货人姓名',
  `user_phone` varchar(11) CHARACTER SET utf8 COLLATE utf8_general_ci NOT NULL DEFAULT '' COMMENT '收货人手机号',
  `user_address` varchar(100) CHARACTER SET utf8 COLLATE utf8_general_ci NOT NULL DEFAULT '' COMMENT '收货人收货地址',
  `is_deleted` tinyint NOT NULL DEFAULT '0' COMMENT '删除标识字段(0-未删除 1-已删除)',
  `create_time` datetime NOT NULL DEFAULT CURRENT_TIMESTAMP COMMENT '创建时间',
  `update_time` datetime NOT NULL DEFAULT CURRENT_TIMESTAMP COMMENT '最新修改时间',
  PRIMARY KEY (`order_id`) USING BTREE
) ENGINE=InnoDB AUTO_INCREMENT=35 DEFAULT CHARSET=utf8mb3 ROW_FORMAT=DYNAMIC;
/*!40101 SET character_set_client = @saved_cs_client */;

--
-- Dumping data for table `tb_newbee_mall_order`
--

LOCK TABLES `tb_newbee_mall_order` WRITE;
/*!40000 ALTER TABLE `tb_newbee_mall_order` DISABLE KEYS */;
INSERT INTO `tb_newbee_mall_order` VALUES (1,'15688187285093508',1,2492,1,2,'2019-09-18 23:00:18',-1,'','','','xafsdufhpwe',0,'2019-09-18 22:53:07','2019-09-18 22:55:32'),(2,'15688188616936181',1,135,1,1,'2019-09-18 23:01:06',1,'','','','xafsdufhpwe',0,'2019-09-18 22:55:20','2019-09-18 23:01:06'),(3,'15689089426956979',1,15487,1,1,'2019-09-20 00:16:03',3,'','','','杭州市西湖区xx小区x幢419 十三 137xxxx2703',0,'2019-09-19 23:56:40','2019-09-20 00:10:39'),(4,'15689090398492576',1,8499,0,0,NULL,0,'','','','杭州市西湖区xx小区x幢419 十三 137xxxx2703',0,'2019-09-19 23:58:18','2019-09-19 23:58:18'),(5,'15689096266448452',1,115,1,2,'2019-09-20 00:13:52',1,'','','','杭州市西湖区xx小区x幢419 十三 137xxxx2703',0,'2019-09-20 00:08:04','2019-09-20 00:13:52'),(6,'15691645776131562',7,7998,1,1,'2019-09-22 23:05:53',1,'','','','杭州市西湖区xx小区x幢419 十三 137xxxx2703',0,'2019-09-22 22:57:15','2019-09-22 23:05:53'),(7,'15691648465397435',7,13998,1,2,'2019-09-22 23:07:38',-1,'','','','杭州市西湖区xx小区x幢419 十三 137xxxx2703',0,'2019-09-22 23:01:44','2019-09-22 23:02:10'),(8,'15691649071896878',7,1246,1,1,'2019-09-22 23:08:31',1,'','','','杭州市西湖区xx小区x幢419 十三 137xxxx2703',0,'2019-09-22 23:02:45','2019-09-22 23:08:31'),(9,'15691649748362177',7,25656,1,1,'2019-09-22 23:09:39',4,'','','','杭州市西湖区xx小区x幢419 十三 137xxxx2703',0,'2019-09-22 23:03:52','2019-09-22 23:50:45'),(10,'15691652286194502',7,16197,0,0,NULL,0,'','','','杭州市西湖区xx小区x幢419 十三 137xxxx2703',0,'2019-09-22 23:08:06','2019-09-22 23:08:06'),(11,'15692210075967186',6,5999,1,2,'2019-09-23 17:03:05',1,'','','','杭州市西湖区xx小区x幢419 十三 137xxxx2703',0,'2019-09-23 14:43:27','2019-09-23 17:03:05'),(12,'15692218454123239',6,7245,0,0,NULL,0,'','','','杭州市西湖区xx小区x幢419 十三 137xxxx2703',0,'2019-09-23 14:57:25','2019-09-23 14:57:25'),(13,'15692225252983527',6,5488,1,2,'2019-09-23 15:38:54',1,'','','','杭州市西湖区xx小区x幢419 十三 137xxxx2703',0,'2019-09-23 15:08:45','2019-09-23 15:38:54'),(14,'15692291639125640',6,9046,1,2,'2019-09-23 16:59:32',-1,'','','','杭州市西湖区xx小区x幢419 十三 137xxxx2709',0,'2019-09-23 16:59:23','2019-09-23 16:59:40'),(15,'15692295348262843',6,65,1,2,'2019-09-23 17:06:17',-3,'','','','杭州市西湖区xx小区x幢419 十三 137xxxx2709',0,'2019-09-23 17:05:34','2022-03-17 10:00:05'),(16,'15692298037679052',6,15233,1,2,'2019-09-23 17:10:08',2,'','','','上海浦东新区XX路XX号 999 137xxxx7797',0,'2019-09-23 17:10:03','2022-03-17 09:59:45'),(17,'15694781962831307',7,1246,1,2,'2019-09-26 14:10:12',-1,'','','','杭州市西湖区xx小区x幢419 十三 137xxxx2703',0,'2019-09-26 14:09:56','2019-09-26 14:10:22'),(18,'15698039249771093',7,3199,0,0,NULL,0,'','','','杭州市西湖区xx小区x幢419 十三 137xxxx2703',0,'2019-09-30 08:38:26','2019-09-30 08:38:26'),(19,'15702783557537865',7,6819,0,0,NULL,0,'','','','杭州市西湖区xx小区x幢419 十三 137xxxx2703',0,'2019-10-05 20:20:10','2019-10-05 20:20:10'),(20,'15702847670935185',6,3999,1,2,'2019-10-05 22:13:03',3,'','','','上海浦东新区XX路XX号 999 137xxxx7797',0,'2019-10-05 22:12:47','2022-03-16 20:44:26'),(21,'16473991708497589',9,5488,0,0,NULL,0,'','','','中国北京市海淀区阳光花园3组1号',0,'2022-03-16 10:52:50','2022-03-16 10:52:50'),(22,'16473992471914152',9,999,0,0,NULL,0,'','','','中国北京市海淀区阳光花园3组1号',0,'2022-03-16 10:54:07','2022-03-16 10:54:07'),(23,'16474378962258714',9,899,1,1,'2022-03-16 21:42:43',3,'','','','中国北京市海淀区阳光花园3组1号',0,'2022-03-16 21:38:16','2022-03-17 09:58:07'),(24,'16474394472986627',9,899,0,0,NULL,0,'','','','中国北京市海淀区阳光花园3组1号',0,'2022-03-16 22:04:07','2022-03-16 22:04:07'),(25,'16476669951994617',9,980,0,0,NULL,0,'','','','中国北京市海淀区阳光花园3组1号',0,'2022-03-19 13:16:35','2022-03-19 13:16:35'),(26,'16476678238595023',9,980,0,0,NULL,0,'','','','中国北京市海淀区阳光花园3组1号',0,'2022-03-19 13:30:23','2022-03-19 13:30:23'),(27,'16476679686751633',9,980,1,2,'2022-03-19 13:33:03',1,'','','','中国北京市海淀区阳光花园3组1号',0,'2022-03-19 13:32:48','2022-03-19 13:33:03'),(28,'16476701531131621',9,1570,0,0,NULL,0,'','','','中国北京市海淀区阳光花园3组1号',0,'2022-03-19 14:09:13','2022-03-19 14:09:13'),(29,'16476702491082304',9,700,1,1,'2022-03-19 14:11:01',-3,'','','','中国北京市海淀区阳光花园3组1号',0,'2022-03-19 14:10:49','2022-03-31 20:25:29'),(30,'16476848322545911',9,1215,1,2,'2022-03-19 18:14:15',-3,'','','','中国北京市海淀区阳光花园3组1号',0,'2022-03-19 18:13:52','2022-03-31 20:25:35'),(31,'16476907637276558',9,410,1,1,'2022-03-19 19:52:54',4,'','','','中国北京市海淀区阳光花园3组1号',0,'2022-03-19 19:52:43','2022-03-19 19:53:36'),(32,'16476922912141628',9,410,1,1,'2022-03-19 20:18:20',4,'','','','中国北京市海淀区阳光花园3组1号',0,'2022-03-19 20:18:11','2022-03-19 20:19:12'),(33,'16485259112405355',9,3495,0,0,NULL,-3,'','','','中国北京市海淀区阳光花园3组1号',0,'2022-03-29 11:51:51','2022-03-31 20:25:19'),(34,'16487288083449978',9,790,1,1,'2022-03-31 20:14:32',4,'','','','中国北京市海淀区阳光花园3组1号',0,'2022-03-31 20:13:28','2022-03-31 20:23:33');
/*!40000 ALTER TABLE `tb_newbee_mall_order` ENABLE KEYS */;
UNLOCK TABLES;

--
-- Table structure for table `tb_newbee_mall_order_item`
--

DROP TABLE IF EXISTS `tb_newbee_mall_order_item`;
/*!40101 SET @saved_cs_client     = @@character_set_client */;
/*!50503 SET character_set_client = utf8mb4 */;
CREATE TABLE `tb_newbee_mall_order_item` (
  `order_item_id` bigint NOT NULL AUTO_INCREMENT COMMENT '订单关联购物项主键id',
  `order_id` bigint NOT NULL DEFAULT '0' COMMENT '订单主键id',
  `goods_id` bigint NOT NULL DEFAULT '0' COMMENT '关联商品id',
  `goods_name` varchar(200) CHARACTER SET utf8 COLLATE utf8_general_ci NOT NULL DEFAULT '' COMMENT '下单时商品的名称(订单快照)',
  `goods_cover_img` varchar(200) CHARACTER SET utf8 COLLATE utf8_general_ci NOT NULL DEFAULT '' COMMENT '下单时商品的主图(订单快照)',
  `selling_price` int NOT NULL DEFAULT '1' COMMENT '下单时商品的价格(订单快照)',
  `goods_count` int NOT NULL DEFAULT '1' COMMENT '数量(订单快照)',
  `create_time` datetime NOT NULL DEFAULT CURRENT_TIMESTAMP COMMENT '创建时间',
  PRIMARY KEY (`order_item_id`) USING BTREE
) ENGINE=InnoDB AUTO_INCREMENT=54 DEFAULT CHARSET=utf8mb3 ROW_FORMAT=DYNAMIC;
/*!40101 SET character_set_client = @saved_cs_client */;

--
-- Dumping data for table `tb_newbee_mall_order_item`
--

LOCK TABLES `tb_newbee_mall_order_item` WRITE;
/*!40000 ALTER TABLE `tb_newbee_mall_order_item` DISABLE KEYS */;
INSERT INTO `tb_newbee_mall_order_item` VALUES (1,1,10180,'Apple AirPods 配充电盒','/goods-img/64768a8d-0664-4b29-88c9-2626578ffbd1.jpg',1246,2,'2019-09-18 22:53:07'),(2,2,10147,'MUJI 羽毛 靠垫','/goods-img/0f701215-b782-40c7-8bbd-97b51be56461.jpg',65,1,'2019-09-18 22:55:20'),(3,2,10158,'无印良品 女式粗棉线条纹长袖T恤','http://localhost:28089/goods-img/5488564b-8335-4b0c-a5a4-52f3f03ee728.jpg',70,1,'2019-09-18 22:55:20'),(4,3,10742,'华为 HUAWEI P30 Pro','/goods-img/dda1d575-cdac-4eb4-a118-3834490166f7.jpg',5488,1,'2019-09-19 23:56:40'),(5,3,10320,'Apple iPhone 11 Pro','/goods-img/0025ad55-e260-4a00-be79-fa5b8c5ac0de.jpg',9999,1,'2019-09-19 23:56:40'),(6,4,10254,'Apple 2019款 MacBook Air 13.3','/goods-img/7810bc9d-236f-4386-a0ef-45a831b49bf2.jpg',8499,1,'2019-09-19 23:58:18'),(7,5,10104,'无印良品 MUJI 修正带','/goods-img/98ce17e1-890e-4eaf-856a-7fce8ffebc4c.jpg',15,1,'2019-09-20 00:08:04'),(8,5,10110,'无印良品 MUJI 基础润肤乳霜','/goods-img/30036561-a150-4ea7-9106-29bbea278909.jpg',100,1,'2019-09-20 00:08:04'),(9,6,10895,'HUAWEI Mate 30 4000万超感光徕卡影像','/goods-img/mate30-3.png',3999,2,'2019-09-22 22:57:15'),(10,7,10895,'HUAWEI Mate 30 4000万超感光徕卡影像','/goods-img/mate30-3.png',3999,1,'2019-09-22 23:01:44'),(11,7,10320,'Apple iPhone 11 Pro','/goods-img/0025ad55-e260-4a00-be79-fa5b8c5ac0de.jpg',9999,1,'2019-09-22 23:01:44'),(12,8,10180,'Apple AirPods 配充电盒','/goods-img/64768a8d-0664-4b29-88c9-2626578ffbd1.jpg',1246,1,'2019-09-22 23:02:45'),(13,9,10237,'MAC 雾面丝绒哑光子弹头口红','http://localhost:28089/goods-img/1930d79b-88bd-4c5c-8510-0697c9ad2578.jpg',165,4,'2019-09-22 23:03:52'),(14,9,10254,'Apple 2019款 MacBook Air 13.3','/goods-img/7810bc9d-236f-4386-a0ef-45a831b49bf2.jpg',8499,2,'2019-09-22 23:03:52'),(15,9,10195,'索尼 WH-1000XM3 头戴式耳机','http://localhost:28089/goods-img/0dc503b2-90a2-4971-9723-c085a1844b76.jpg',2599,1,'2019-09-22 23:03:52'),(16,9,10894,'HUAWEI Mate 30 Pro','/goods-img/mate30p3.png',5399,1,'2019-09-22 23:03:52'),(17,10,10894,'HUAWEI Mate 30 Pro','/goods-img/mate30p3.png',5399,3,'2019-09-22 23:08:06'),(18,11,10279,'Apple iPhone 11 (A2223)','/goods-img/a0d09f94-9c46-4ee1-aaef-dfd132e7543e.jpg',5999,1,'2019-09-23 14:43:27'),(19,12,10279,'Apple iPhone 11 (A2223)','/goods-img/a0d09f94-9c46-4ee1-aaef-dfd132e7543e.jpg',5999,1,'2019-09-23 14:57:26'),(20,12,10159,'Apple AirPods 配充电盒','/goods-img/53c9f268-7cd4-4fac-909c-2dc066625655.jpg',1246,1,'2019-09-23 14:57:26'),(21,13,10742,'华为 HUAWEI P30 Pro','/goods-img/dda1d575-cdac-4eb4-a118-3834490166f7.jpg',5488,1,'2019-09-23 15:08:46'),(22,14,10158,'无印良品 女式粗棉线条纹长袖T恤','/goods-img/5488564b-8335-4b0c-a5a4-52f3f03ee728.jpg',70,1,'2019-09-23 16:59:24'),(23,14,10704,'华为 HUAWEI P30 超感光徕卡三摄麒麟980AI...','/goods-img/b9e6d770-06dd-40f4-9ae5-31103cec6e5f.jpg',3988,1,'2019-09-23 16:59:24'),(24,14,10739,'华为 HUAWEI P30 Pro','/goods-img/65c8e729-aeca-4780-977b-4d0d39d4aa2e.jpg',4988,1,'2019-09-23 16:59:24'),(25,15,10147,'MUJI 羽毛 靠垫','/goods-img/0f701215-b782-40c7-8bbd-97b51be56461.jpg',65,1,'2019-09-23 17:05:34'),(26,16,10742,'华为 HUAWEI P30 Pro','/goods-img/dda1d575-cdac-4eb4-a118-3834490166f7.jpg',5488,1,'2019-09-23 17:10:03'),(27,16,10159,'Apple AirPods 配充电盒','/goods-img/53c9f268-7cd4-4fac-909c-2dc066625655.jpg',1246,1,'2019-09-23 17:10:03'),(28,16,10254,'Apple 2019款 MacBook Air 13.3','/goods-img/7810bc9d-236f-4386-a0ef-45a831b49bf2.jpg',8499,1,'2019-09-23 17:10:03'),(29,17,10180,'Apple AirPods 配充电盒','/goods-img/64768a8d-0664-4b29-88c9-2626578ffbd1.jpg',1246,1,'2019-09-26 14:09:56'),(30,18,10779,'华为 HUAWEI Mate 20','/goods-img/08f9a912-f049-4cf8-a839-115fc6582398.jpg',3199,1,'2019-09-30 08:38:26'),(31,19,10742,'华为 HUAWEI P30 Pro','/goods-img/dda1d575-cdac-4eb4-a118-3834490166f7.jpg',5488,1,'2019-10-05 20:20:10'),(32,19,10154,'无印良品 MUJI 塑料浴室座椅','/goods-img/15395057-94e9-4545-a8ee-8aee025f40c5.jpg',85,1,'2019-10-05 20:20:10'),(33,19,10159,'Apple AirPods 配充电盒','/goods-img/53c9f268-7cd4-4fac-909c-2dc066625655.jpg',1246,1,'2019-10-05 20:20:10'),(34,20,10895,'HUAWEI Mate 30 4000万超感光徕卡影像','/goods-img/mate30-3.png',3999,1,'2019-10-05 22:12:47'),(35,21,10742,'华为 HUAWEI P30 Pro','/goods-img/dda1d575-cdac-4eb4-a118-3834490166f7.jpg',5488,1,'2022-03-16 10:52:50'),(36,22,10700,'荣耀8X 千元屏霸 91%屏占比 2000万AI双摄','/goods-img/6a160b96-9b4a-4844-b335-feb31b1f5d8c.jpg',999,1,'2022-03-16 10:54:07'),(37,23,10907,'MAC','http://localhost:28089/upload/20220316_15085929.jpg',899,1,'2022-03-16 21:38:16'),(38,24,10907,'MAC','http://localhost:28089/upload/20220316_15085929.jpg',899,1,'2022-03-16 22:04:07'),(39,25,10923,'雅诗兰黛白金级花菁萃紧颜眼霜15ml(滋润款)','http://localhost:28089/upload/20220319_11514017.jpg',980,1,'2022-03-19 13:16:35'),(40,26,10923,'雅诗兰黛白金级花菁萃紧颜眼霜15ml(滋润款)','http://localhost:28089/upload/20220319_11514017.jpg',980,1,'2022-03-19 13:30:23'),(41,27,10923,'雅诗兰黛白金级花菁萃紧颜眼霜15ml(滋润款)','http://localhost:28089/upload/20220319_11514017.jpg',980,1,'2022-03-19 13:32:48'),(42,28,10923,'雅诗兰黛白金级花菁萃紧颜眼霜15ml(滋润款)','http://localhost:28089/upload/20220319_11514017.jpg',980,1,'2022-03-19 14:09:13'),(43,28,10931,'香奈儿 （Chanel） 四色眼影盘268#2g','http://localhost:28089/upload/20220319_12113792.jpg',590,1,'2022-03-19 14:09:13'),(44,29,10926,'雅诗兰黛倾慕哑光口红礼盒唇膏333#','http://localhost:28089/upload/20220319_11584093.jpg',290,1,'2022-03-19 14:10:49'),(45,29,10927,'【丝芙兰】雅诗兰黛（Estee Lauder）','http://localhost:28089/upload/20220319_12002032.jpg',410,1,'2022-03-19 14:10:49'),(46,30,10927,'【丝芙兰】雅诗兰黛（Estee Lauder）','http://localhost:28089/upload/20220319_12002032.jpg',410,1,'2022-03-19 18:13:52'),(47,30,10919,'倩碧男士净彻控油3步曲(洁面200ml+控油水200ml...','http://localhost:28089/upload/20220319_1139045.jpg',805,1,'2022-03-19 18:13:52'),(48,31,10927,'【丝芙兰】雅诗兰黛（Estee Lauder）','http://localhost:28089/upload/20220319_12002032.jpg',410,1,'2022-03-19 19:52:43'),(49,32,10927,'【丝芙兰】雅诗兰黛（Estee Lauder）','http://localhost:28089/upload/20220319_12002032.jpg',410,1,'2022-03-19 20:18:11'),(50,33,10910,'【丝芙兰】兰蔻（LANCOME）肌底精华焕亮眼霜 化妆品...','http://localhost:28089/upload/20220319_11191264.jpg',530,5,'2022-03-29 11:51:51'),(51,33,10908,'兰蔻（LANCOME）粉水新清滢柔肤水400ml 护肤品...','http://localhost:28089/upload/20220319_11135333.jpg',435,1,'2022-03-29 11:51:51'),(52,33,10927,'【丝芙兰】雅诗兰黛（Estee Lauder）','http://localhost:28089/upload/20220319_12002032.jpg',410,1,'2022-03-29 11:51:51'),(53,34,10929,'香奈儿（Chanel）蔚蓝男士淡香水50ml','http://localhost:28089/upload/20220319_12050018.jpg',790,1,'2022-03-31 20:13:28');
/*!40000 ALTER TABLE `tb_newbee_mall_order_item` ENABLE KEYS */;
UNLOCK TABLES;

--
-- Table structure for table `tb_newbee_mall_shopping_cart_item`
--

DROP TABLE IF EXISTS `tb_newbee_mall_shopping_cart_item`;
/*!40101 SET @saved_cs_client     = @@character_set_client */;
/*!50503 SET character_set_client = utf8mb4 */;
CREATE TABLE `tb_newbee_mall_shopping_cart_item` (
  `cart_item_id` bigint NOT NULL AUTO_INCREMENT COMMENT '购物项主键id',
  `user_id` bigint NOT NULL COMMENT '用户主键id',
  `goods_id` bigint NOT NULL DEFAULT '0' COMMENT '关联商品id',
  `goods_count` int NOT NULL DEFAULT '1' COMMENT '数量(最大为5)',
  `is_deleted` tinyint NOT NULL DEFAULT '0' COMMENT '删除标识字段(0-未删除 1-已删除)',
  `create_time` datetime NOT NULL DEFAULT CURRENT_TIMESTAMP COMMENT '创建时间',
  `update_time` datetime NOT NULL DEFAULT CURRENT_TIMESTAMP COMMENT '最新修改时间',
  PRIMARY KEY (`cart_item_id`) USING BTREE
) ENGINE=InnoDB AUTO_INCREMENT=95 DEFAULT CHARSET=utf8mb3 ROW_FORMAT=DYNAMIC;
/*!40101 SET character_set_client = @saved_cs_client */;

--
-- Dumping data for table `tb_newbee_mall_shopping_cart_item`
--

LOCK TABLES `tb_newbee_mall_shopping_cart_item` WRITE;
/*!40000 ALTER TABLE `tb_newbee_mall_shopping_cart_item` DISABLE KEYS */;
INSERT INTO `tb_newbee_mall_shopping_cart_item` VALUES (82,9,10923,1,1,'2022-03-19 13:35:44','2022-03-19 13:35:44'),(83,9,10931,1,1,'2022-03-19 14:08:48','2022-03-19 14:08:48'),(84,9,10926,1,1,'2022-03-19 14:10:37','2022-03-19 14:10:37'),(85,9,10927,1,1,'2022-03-19 14:10:43','2022-03-19 14:10:43'),(86,9,10927,1,1,'2022-03-19 14:35:59','2022-03-19 14:35:59'),(87,9,10919,1,1,'2022-03-19 18:13:42','2022-03-19 18:13:42'),(88,9,10927,1,1,'2022-03-19 18:54:45','2022-03-19 18:54:45'),(89,9,10927,1,1,'2022-03-19 19:51:18','2022-03-19 19:51:18'),(90,9,10927,1,1,'2022-03-19 20:17:08','2022-03-19 20:17:08'),(91,9,10910,5,1,'2022-03-21 19:49:00','2022-03-29 10:33:51'),(92,9,10908,1,1,'2022-03-21 20:30:59','2022-03-21 20:30:59'),(93,9,10927,1,1,'2022-03-29 10:34:05','2022-03-29 10:34:05'),(94,9,10929,1,1,'2022-03-31 20:09:06','2022-03-31 20:09:06');
/*!40000 ALTER TABLE `tb_newbee_mall_shopping_cart_item` ENABLE KEYS */;
UNLOCK TABLES;

--
-- Table structure for table `tb_newbee_mall_star`
--

DROP TABLE IF EXISTS `tb_newbee_mall_star`;
/*!40101 SET @saved_cs_client     = @@character_set_client */;
/*!50503 SET character_set_client = utf8mb4 */;
CREATE TABLE `tb_newbee_mall_star` (
  `starId` int NOT NULL AUTO_INCREMENT,
  `goodId` mediumtext,
  `userId` mediumtext,
  PRIMARY KEY (`starId`)
) ENGINE=InnoDB AUTO_INCREMENT=10 DEFAULT CHARSET=utf8mb3;
/*!40101 SET character_set_client = @saved_cs_client */;

--
-- Dumping data for table `tb_newbee_mall_star`
--

LOCK TABLES `tb_newbee_mall_star` WRITE;
/*!40000 ALTER TABLE `tb_newbee_mall_star` DISABLE KEYS */;
INSERT INTO `tb_newbee_mall_star` VALUES (2,'10909','9'),(7,'10928','9');
/*!40000 ALTER TABLE `tb_newbee_mall_star` ENABLE KEYS */;
UNLOCK TABLES;

--
-- Table structure for table `tb_newbee_mall_user`
--

DROP TABLE IF EXISTS `tb_newbee_mall_user`;
/*!40101 SET @saved_cs_client     = @@character_set_client */;
/*!50503 SET character_set_client = utf8mb4 */;
CREATE TABLE `tb_newbee_mall_user` (
  `user_id` bigint NOT NULL AUTO_INCREMENT COMMENT '用户主键id',
  `nick_name` varchar(50) CHARACTER SET utf8 COLLATE utf8_general_ci NOT NULL DEFAULT '' COMMENT '用户昵称',
  `login_name` varchar(11) CHARACTER SET utf8 COLLATE utf8_general_ci NOT NULL DEFAULT '' COMMENT '登陆名称(默认为手机号)',
  `password_md5` varchar(32) CHARACTER SET utf8 COLLATE utf8_general_ci NOT NULL DEFAULT '' COMMENT 'MD5加密后的密码',
  `introduce_sign` varchar(100) CHARACTER SET utf8 COLLATE utf8_general_ci NOT NULL DEFAULT '' COMMENT '个性签名',
  `address` varchar(100) CHARACTER SET utf8 COLLATE utf8_general_ci NOT NULL DEFAULT '' COMMENT '收货地址',
  `is_deleted` tinyint NOT NULL DEFAULT '0' COMMENT '注销标识字段(0-正常 1-已注销)',
  `locked_flag` tinyint NOT NULL DEFAULT '0' COMMENT '锁定标识字段(0-未锁定 1-已锁定)',
  `create_time` datetime NOT NULL DEFAULT CURRENT_TIMESTAMP COMMENT '注册时间',
  PRIMARY KEY (`user_id`) USING BTREE
) ENGINE=InnoDB AUTO_INCREMENT=12 DEFAULT CHARSET=utf8mb3 ROW_FORMAT=DYNAMIC;
/*!40101 SET character_set_client = @saved_cs_client */;

--
-- Dumping data for table `tb_newbee_mall_user`
--

LOCK TABLES `tb_newbee_mall_user` WRITE;
/*!40000 ALTER TABLE `tb_newbee_mall_user` DISABLE KEYS */;
INSERT INTO `tb_newbee_mall_user` VALUES (1,'十三','13700002703','e10adc3949ba59abbe56e057f20f883e','我不怕千万人阻挡，只怕自己投降','杭州市西湖区xx小区x幢419 十三 137xxxx2703',0,0,'2019-09-22 08:44:57'),(6,'测试用户1','13711113333','dda01dc6d334badcd031102be6bee182','测试用户1','上海浦东新区XX路XX号 999 137xxxx7797',0,1,'2019-08-29 10:51:39'),(7,'测试用户2测试用户2测试用户2测试用户2','13811113333','dda01dc6d334badcd031102be6bee182','测试用户2','杭州市西湖区xx小区x幢419 十三 137xxxx2703',0,0,'2019-08-29 10:55:08'),(8,'测试用户3','13911113333','dda01dc6d334badcd031102be6bee182','测试用户3','杭州市西湖区xx小区x幢419 十三 137xxxx2703',0,0,'2019-08-29 10:55:16'),(9,'fin','17320002638','e10adc3949ba59abbe56e057f20f883e','哈哈哈哈哈','中国北京市海淀区阳光花园3组1号',0,0,'2022-03-16 10:45:18'),(10,'18841957434','18841957434','e10adc3949ba59abbe56e057f20f883e','','',0,0,'2022-03-19 14:35:40'),(11,'13312312312','13312312312','e10adc3949ba59abbe56e057f20f883e','','',0,0,'2022-03-31 19:28:30');
/*!40000 ALTER TABLE `tb_newbee_mall_user` ENABLE KEYS */;
UNLOCK TABLES;
/*!40103 SET TIME_ZONE=@OLD_TIME_ZONE */;

/*!40101 SET SQL_MODE=@OLD_SQL_MODE */;
/*!40014 SET FOREIGN_KEY_CHECKS=@OLD_FOREIGN_KEY_CHECKS */;
/*!40014 SET UNIQUE_CHECKS=@OLD_UNIQUE_CHECKS */;
/*!40101 SET CHARACTER_SET_CLIENT=@OLD_CHARACTER_SET_CLIENT */;
/*!40101 SET CHARACTER_SET_RESULTS=@OLD_CHARACTER_SET_RESULTS */;
/*!40101 SET COLLATION_CONNECTION=@OLD_COLLATION_CONNECTION */;
/*!40111 SET SQL_NOTES=@OLD_SQL_NOTES */;

-- Dump completed on 2022-04-05 19:53:38
